{"cameraMode":{"drawMode":0,"name":"Shaded","section":"Shading Mode"},"sceneLighting":true,"audioPlay":false,"sceneViewState":{"m_AlwaysRefresh":false,"showFog":true,"showSkybox":true,"showFlares":true,"showImageEffects":true,"showParticleSystems":true,"showVisualEffectGraphs":true,"m_FxEnabled":true},"in2DMode":false,"pivot":{"x":7.284486293792725,"y":2.2495250701904299,"z":5.345859527587891},"rotation":{"x":-0.10806836187839508,"y":-0.023263918235898019,"z":0.0025294129736721517,"w":-0.9938681721687317},"size":14.711091041564942,"orthographic":false}