{"cameraMode":{"drawMode":0,"name":"Shaded","section":"Shading Mode"},"sceneLighting":false,"audioPlay":false,"sceneViewState":{"m_AlwaysRefresh":false,"showFog":true,"showSkybox":false,"showFlares":true,"showImageEffects":true,"showParticleSystems":true,"showVisualEffectGraphs":true,"m_FxEnabled":true},"in2DMode":false,"pivot":{"x":-1.8676605224609376,"y":-0.45082446932792666,"z":-0.38864588737487795},"rotation":{"x":-0.05672892928123474,"y":0.13792675733566285,"z":-0.007913375273346901,"w":-0.9887850284576416},"size":1.9400907754898072,"orthographic":false}